<?xml version="1.0" encoding="UTF-8"?>
<project-private xmlns="http://www.netbeans.org/ns/project-private/1">
    <editor-bookmarks xmlns="http://www.netbeans.org/ns/editor-bookmarks/2" lastBookmarkId="1">
        <file>
            <url>src/homesapp/Homes.java</url>
            <bookmark id="1">
                <name/>
                <line>0</line>
                <key/>
            </bookmark>
        </file>
    </editor-bookmarks>
    <open-files xmlns="http://www.netbeans.org/ns/projectui-open-files/2">
        <group>
            <file>file:/H:/Ken%20Dolan/Year2/OOP%20again/oop%20project%202018/oop%20project%202018/HomesApp/src/homesapp/HomesApp.java</file>
            <file>file:/H:/Ken%20Dolan/Year2/OOP%20again/oop%20project%202018/oop%20project%202018/HomesApp/src/homesapp/Homes.java</file>
        </group>
    </open-files>
</project-private>
